athlete,hour,minute,x_a,y_a,z_a,diff_x_a,diff_y_a,diff_z_a,second_aMike,1,1,-51,61,177,4,1,1,58Mike,1,2,-50,78,189,2,0,-1,55Mike,1,3,-50,88,196,-3,1,2,34Mike,1,4,-59,56,386,2,-1,-1,56Mike,1,5,-47,88,117,-1,0,-2,43Mike,1,6,-41,83,360,4,1,-1,60Mike,1,7,-45,40,124,-3,0,0,30Mike,1,8,-45,47,174,-2,1,-2,49Mike,1,9,-44,81,292,3,0,2,36Mike,1,10,-43,50,138,-4,-1,1,39Mike,1,11,-50,74,185,1,-1,-1,48Mike,1,12,-49,43,128,-5,-1,-1,41Mike,1,13,-52,63,207,0,-1,2,52Mike,1,14,-45,72,360,2,-1,-2,46Mike,1,15,-48,61,228,0,0,-2,49Mike,1,16,-45,51,140,0,-1,1,49Mike,1,17,-57,60,346,-2,0,-1,60Mike,1,18,-43,64,270,1,0,1,42Mike,1,19,-50,70,259,-5,-1,-2,49Mike,1,20,-52,85,286,5,-1,1,56Mike,1,21,-42,52,299,5,-1,-2,44Mike,1,22,-48,78,148,4,1,-1,34Mike,1,23,-56,40,174,-3,-1,1,42Mike,1,24,-53,73,262,3,-1,-1,59Mike,1,25,-59,43,186,-4,1,-2,60Mike,1,26,-60,81,169,1,0,-1,50Mike,1,27,-46,76,168,3,-1,0,55Mike,1,28,-56,41,330,2,0,-1,30Mike,1,29,-48,57,200,-3,1,0,36Mike,1,30,-40,69,134,5,-1,-1,43Mike,1,31,-50,77,163,2,-1,-1,60Mike,1,32,-55,69,280,3,1,-1,36Mike,1,33,-41,58,342,3,-1,-1,34Mike,1,34,-44,85,194,1,0,-1,34Mike,1,35,-57,83,249,4,-1,-1,47Mike,1,36,-47,79,344,4,1,1,45Mike,1,37,-48,76,146,0,1,0,52Mike,1,38,-41,73,106,-3,1,0,55Mike,1,39,-58,64,178,-5,0,-1,39Mike,1,40,-52,41,396,-1,1,0,37Mike,1,41,-42,71,314,2,-1,0,48Mike,1,42,-48,68,266,-4,-1,-1,45Mike,1,43,-49,84,265,5,-1,-1,35Mike,1,44,-53,69,282,3,1,-1,53Mike,1,45,-60,60,271,4,-1,1,44Mike,1,46,-47,42,312,3,-1,1,59Mike,1,47,-59,49,334,-1,1,-2,45Mike,1,48,-57,88,247,3,0,0,49Mike,1,49,-54,63,255,0,1,1,48Mike,1,50,-43,56,238,-2,1,0,56Mike,1,51,-54,77,297,4,0,-2,45Mike,1,52,-52,79,229,-2,-1,2,54Mike,1,53,-40,78,359,-5,1,2,42Mike,1,54,-47,41,269,-2,-1,-2,31Mike,1,55,-43,62,380,-4,-1,1,55Mike,1,56,-57,73,164,-4,-1,2,40Mike,1,57,-57,56,125,2,1,2,48Mike,1,58,-60,83,314,-1,0,1,30Mike,1,59,-45,40,287,-3,-1,-2,45Mike,1,60,-47,42,317,-1,-1,-1,57Mike,2,1,-54,68,127,5,1,-1,41Mike,2,2,-46,84,238,-2,-1,-1,59Mike,2,3,-55,80,327,5,-1,1,60Mike,2,4,-43,57,287,4,1,-1,44Mike,2,5,-58,69,217,-4,0,0,39Mike,2,6,-54,42,156,0,-1,-2,44Mike,2,7,-60,89,337,0,0,-2,56Mike,2,8,-59,82,396,0,-1,-1,49Mike,2,9,-40,43,268,-4,0,-1,55Mike,2,10,-55,48,135,1,-1,-2,53Mike,2,11,-44,68,317,4,0,-2,57Mike,2,12,-41,41,351,5,1,2,31Mike,2,13,-58,48,293,5,1,-2,47Mike,2,14,-41,86,156,3,-1,2,57Mike,2,15,-43,48,118,1,-1,0,30Mike,2,16,-55,68,298,-2,1,1,32Mike,2,17,-41,51,296,-4,1,-1,31Mike,2,18,-60,77,345,-5,1,-2,51Mike,2,19,-49,66,340,0,-1,0,33Mike,2,20,-56,84,182,1,0,2,49Mike,2,21,-57,81,360,-5,-1,1,45Mike,2,22,-42,60,242,5,0,-1,58Mike,2,23,-57,45,121,-1,1,-1,38Mike,2,24,-43,74,398,-1,-1,1,49Mike,2,25,-50,58,160,3,0,-1,35Mike,2,26,-54,77,222,5,-1,-1,54Mike,2,27,-42,56,361,3,1,-2,52Mike,2,28,-58,59,275,1,1,0,41Mike,2,29,-40,56,122,-5,0,2,41Mike,2,30,-44,70,181,2,-1,-1,56Mike,2,31,-41,63,293,-3,1,2,52Mike,2,32,-46,71,367,3,-1,1,60Mike,2,33,-50,76,340,2,-1,-2,33Mike,2,34,-55,72,204,5,0,2,34Mike,2,35,-42,76,178,-5,0,-1,37Mike,2,36,-46,56,261,4,1,-2,56Mike,2,37,-58,51,333,5,1,1,55Mike,2,38,-40,59,394,5,1,1,57Mike,2,39,-41,85,130,5,0,-2,58Mike,2,40,-58,40,190,2,0,0,46Mike,2,41,-53,63,183,2,-1,-2,46Mike,2,42,-41,88,360,-2,0,-1,49Mike,2,43,-59,44,235,5,-1,1,32Mike,2,44,-55,61,297,1,1,-2,52Mike,2,45,-46,56,270,-3,0,0,51Mike,2,46,-43,42,249,1,1,1,30Mike,2,47,-44,50,142,5,1,1,37Mike,2,48,-57,58,387,-2,1,0,58Mike,2,49,-59,81,162,-3,1,0,43Mike,2,50,-43,73,328,-2,1,2,37Mike,2,51,-60,64,339,-5,-1,-2,55Mike,2,52,-49,52,258,4,1,-2,37Mike,2,53,-49,47,236,-1,0,2,44Mike,2,54,-46,79,290,-4,1,-2,57Mike,2,55,-55,58,160,3,0,-1,45Mike,2,56,-48,88,303,3,0,-2,31Mike,2,57,-53,72,144,-4,1,-1,60Mike,2,58,-44,72,257,3,-1,2,50Mike,2,59,-54,81,225,-1,0,0,38Mike,2,60,-54,83,318,-1,1,1,42Mike,3,1,-46,84,318,-5,-1,1,48Mike,3,2,-56,65,246,-2,0,-1,46Mike,3,3,-45,64,170,5,1,0,43Mike,3,4,-49,85,394,-3,0,0,49Mike,3,5,-49,41,327,1,-1,-2,38Mike,3,6,-58,84,373,2,1,-2,39Mike,3,7,-45,66,376,-4,-1,2,38Mike,3,8,-45,60,198,-3,0,-1,50Mike,3,9,-54,53,215,4,1,-1,52Mike,3,10,-52,88,181,-5,0,-1,55Mike,3,11,-42,68,146,0,-1,-1,34Mike,3,12,-46,65,254,-1,-1,2,46Mike,3,13,-55,49,177,0,0,-1,39Mike,3,14,-53,57,319,5,-1,-2,48Mike,3,15,-51,54,162,5,-1,2,39Mike,3,16,-56,76,271,4,-1,-2,44Mike,3,17,-51,63,190,-5,0,1,57Mike,3,18,-50,48,344,4,-1,-1,38Mike,3,19,-44,44,154,4,0,-2,56Mike,3,20,-58,64,388,-5,1,-2,39Mike,3,21,-53,49,172,5,1,1,32Mike,3,22,-45,79,321,-5,1,-2,56Mike,3,23,-56,75,325,-1,0,2,31Mike,3,24,-52,86,203,-4,0,-1,32Mike,3,25,-60,56,112,-4,0,2,49Mike,3,26,-50,77,190,0,1,-1,36Mike,3,27,-49,54,268,-4,0,0,36Mike,3,28,-45,63,320,-3,1,2,42Mike,3,29,-55,77,133,2,0,-1,53Mike,3,30,-53,52,131,0,1,-1,40Mike,3,31,-50,55,124,-4,-1,-1,36Mike,3,32,-47,58,221,-5,-1,1,59Mike,3,33,-49,64,157,-1,-1,-2,32Mike,3,34,-50,58,117,1,0,-2,37Mike,3,35,-58,43,101,-4,0,1,35Mike,3,36,-53,57,192,1,1,2,45Mike,3,37,-52,50,210,3,1,0,35Mike,3,38,-49,84,356,2,-1,0,60Mike,3,39,-45,68,194,5,0,-2,40Mike,3,40,-46,48,394,0,1,-2,47Mike,3,41,-45,54,219,-4,1,-1,55Mike,3,42,-51,62,129,2,0,1,51Mike,3,43,-48,84,348,2,-1,-2,53Mike,3,44,-52,72,329,-4,0,-1,36Mike,3,45,-52,88,343,-5,1,-2,47Mike,3,46,-46,66,345,-2,-1,2,34Mike,3,47,-49,82,360,-3,0,-2,42Mike,3,48,-51,79,163,-1,1,-1,47Mike,3,49,-51,79,371,0,1,0,35Mike,3,50,-41,82,188,-3,1,2,43Mike,3,51,-56,73,104,1,1,1,44Mike,3,52,-53,40,263,0,0,-1,56Mike,3,53,-52,51,377,1,1,1,44Mike,3,54,-47,60,400,-1,0,1,53Mike,3,55,-57,51,296,-1,-1,1,37Mike,3,56,-42,73,291,4,-1,1,47Mike,3,57,-60,48,288,-2,-1,0,46Mike,3,58,-57,72,393,2,0,0,43Mike,3,59,-46,73,269,1,0,-2,41Mike,3,60,-48,64,323,5,0,1,57Mike,4,1,-44,57,241,-5,-1,1,45Mike,4,2,-55,87,144,0,1,-2,31Mike,4,3,-51,69,296,-1,-1,-1,50Mike,4,4,-59,67,201,5,0,-2,52Mike,4,5,-55,71,312,4,-1,1,32Mike,4,6,-41,89,387,-3,0,0,59Mike,4,7,-47,64,140,1,1,2,35Mike,4,8,-51,73,318,3,-1,0,40Mike,4,9,-53,87,232,-2,0,-1,55Mike,4,10,-52,40,111,-5,0,1,47Mike,4,11,-54,57,282,3,0,-2,52Mike,4,12,-54,50,292,3,1,-2,31Mike,4,13,-56,54,203,1,0,1,55Mike,4,14,-56,79,280,-5,1,0,45Mike,4,15,-52,78,161,-2,-1,1,56Mike,4,16,-58,43,123,-4,1,1,47Mike,4,17,-47,42,396,-1,-1,0,54Mike,4,18,-47,81,193,5,1,-1,49Mike,4,19,-59,45,115,2,-1,2,47Mike,4,20,-50,63,309,1,-1,-2,49Mike,4,21,-53,70,304,-3,0,1,38Mike,4,22,-55,53,318,5,1,0,38Mike,4,23,-46,84,297,-5,0,2,55Mike,4,24,-41,63,271,-1,0,-1,40Mike,4,25,-60,46,116,-3,0,1,43Mike,4,26,-56,66,352,-1,0,-2,43Mike,4,27,-55,83,138,1,-1,2,33Mike,4,28,-60,83,255,-4,1,2,48Mike,4,29,-46,47,194,-5,1,-2,60Mike,4,30,-52,57,125,-4,0,2,44Mike,4,31,-56,63,220,4,-1,0,34Mike,4,32,-51,55,353,-2,0,1,49Mike,4,33,-49,45,268,0,0,2,42Mike,4,34,-56,89,349,-5,1,1,30Mike,4,35,-54,78,368,1,0,-1,60Mike,4,36,-47,54,237,3,1,1,52Mike,4,37,-52,66,238,5,1,0,43Mike,4,38,-60,61,162,3,0,1,60Mike,4,39,-47,41,265,-1,1,-2,50Mike,4,40,-60,81,291,-5,-1,2,49Mike,4,41,-51,56,161,-1,0,0,50Mike,4,42,-44,63,347,1,0,-1,56Mike,4,43,-40,56,389,-3,1,-1,34Mike,4,44,-46,59,299,-3,-1,0,60Mike,4,45,-45,76,208,-3,1,2,54Mike,4,46,-54,82,108,2,1,1,33Mike,4,47,-59,56,232,1,0,-1,53Mike,4,48,-48,58,128,-1,-1,1,58Mike,4,49,-54,58,216,-3,1,0,58Mike,4,50,-43,89,381,-1,-1,0,55Mike,4,51,-57,57,220,4,0,-2,38Mike,4,52,-58,62,197,-5,1,-2,56Mike,4,53,-54,42,256,0,1,-2,30Mike,4,54,-46,56,281,3,-1,0,59Mike,4,55,-51,72,136,4,0,-2,32Mike,4,56,-55,48,122,-2,1,-1,44Mike,4,57,-40,61,223,-4,-1,-1,59Mike,4,58,-53,57,343,4,1,-2,36Mike,4,59,-56,65,362,4,0,-1,45Mike,4,60,-40,49,351,-3,-1,2,49Mike,5,1,-58,85,101,3,-1,-2,39Mike,5,2,-50,85,297,-3,0,2,49Mike,5,3,-46,64,164,-3,1,2,41Mike,5,4,-44,67,266,0,1,-1,36Mike,5,5,-41,69,333,4,0,0,40Mike,5,6,-53,89,201,-1,-1,2,30Mike,5,7,-49,67,158,-1,-1,0,45Mike,5,8,-49,66,338,-2,0,-2,44Mike,5,9,-54,56,222,4,1,-2,48Mike,5,10,-46,71,258,-1,0,0,55Mike,5,11,-51,48,302,2,-1,-1,57Mike,5,12,-54,42,278,-5,0,-2,40Mike,5,13,-49,84,132,-5,-1,2,34Mike,5,14,-43,65,143,-2,0,1,34Mike,5,15,-45,61,177,2,-1,-2,52Mike,5,16,-59,50,180,-2,1,-2,37Mike,5,17,-44,40,354,-3,-1,0,40Mike,5,18,-44,40,369,5,1,2,44Mike,5,19,-42,65,100,-2,1,1,37Mike,5,20,-60,85,379,-1,-1,-1,48Mike,5,21,-51,69,352,-2,1,-2,56Mike,5,22,-47,69,196,4,0,-2,36Mike,5,23,-60,89,186,4,1,1,35Mike,5,24,-43,48,391,-3,-1,-2,41Mike,5,25,-40,78,203,-1,-1,1,57Mike,5,26,-55,66,201,3,-1,-1,38Mike,5,27,-48,44,328,-1,0,-1,35Mike,5,28,-54,90,324,2,-1,-2,57Mike,5,29,-49,73,356,2,0,-1,45Mike,5,30,-51,69,320,3,1,-2,41Mike,5,31,-55,57,243,-4,-1,-1,51Mike,5,32,-53,57,106,2,-1,0,55Mike,5,33,-52,71,322,0,1,0,43Mike,5,34,-54,70,204,4,1,0,55Mike,5,35,-51,89,250,3,0,-1,55Mike,5,36,-40,50,225,4,0,1,55Mike,5,37,-42,47,311,5,0,2,33Mike,5,38,-51,52,222,-4,1,2,41Mike,5,39,-45,65,276,-4,0,2,52Mike,5,40,-40,45,325,-2,-1,-1,39Mike,5,41,-41,46,210,4,0,0,32Mike,5,42,-42,61,207,-3,1,-1,34Mike,5,43,-45,45,142,1,0,2,57Mike,5,44,-57,58,277,4,1,-2,56Mike,5,45,-48,49,193,3,0,0,36Mike,5,46,-47,72,243,-3,0,-2,50Mike,5,47,-44,75,292,0,-1,-2,41Mike,5,48,-48,86,397,0,1,-1,56Mike,5,49,-52,79,330,1,1,2,45Mike,5,50,-51,53,337,-2,1,2,43Mike,5,51,-48,55,357,-4,0,2,32Mike,5,52,-56,70,149,0,1,1,34Mike,5,53,-56,82,187,5,0,0,48Mike,5,54,-50,57,137,0,1,-1,37Mike,5,55,-46,77,154,2,1,-2,53Mike,5,56,-52,41,296,0,-1,-1,41Mike,5,57,-44,90,191,-5,-1,-1,35Mike,5,58,-53,73,389,-5,-1,0,32Mike,5,59,-48,72,149,3,1,-2,57Mike,5,60,-58,42,133,-4,-1,-1,50Mike,6,1,-60,54,356,-5,1,2,35Mike,6,2,-58,43,383,-4,0,2,50Mike,6,3,-48,61,397,-2,-1,-1,55Mike,6,4,-43,77,186,3,0,-1,58Mike,6,5,-49,60,383,1,0,2,38Mike,6,6,-59,72,319,3,1,1,45Mike,6,7,-50,83,354,1,-1,1,36Mike,6,8,-60,65,135,-4,0,1,40Mike,6,9,-46,77,295,-2,1,-2,52Mike,6,10,-56,83,350,4,0,0,45Mike,6,11,-47,84,211,4,-1,-2,56Mike,6,12,-57,69,282,-1,1,2,55Mike,6,13,-48,68,187,-3,1,-1,43Mike,6,14,-60,52,142,3,0,0,49Mike,6,15,-55,81,311,-4,0,-2,60Mike,6,16,-56,67,287,2,-1,-1,52Mike,6,17,-57,51,323,-4,1,-1,55Mike,6,18,-48,45,377,-2,0,0,47Mike,6,19,-45,84,232,0,1,-1,41Mike,6,20,-51,89,117,5,1,1,45Mike,6,21,-47,48,137,-1,-1,-2,39Mike,6,22,-44,90,370,2,0,1,41Mike,6,23,-42,66,300,1,0,-2,54Mike,6,24,-46,43,168,2,-1,-2,51Mike,6,25,-50,74,255,-4,0,0,36Mike,6,26,-42,59,352,-5,1,-1,33Mike,6,27,-59,67,151,1,0,2,30Mike,6,28,-52,86,393,-2,0,2,55Mike,6,29,-55,63,120,-3,-1,-1,56Mike,6,30,-54,47,304,-1,0,-2,39Mike,6,31,-43,70,129,3,-1,1,35Mike,6,32,-40,82,273,-3,-1,-2,54Mike,6,33,-56,44,213,-2,-1,2,37Mike,6,34,-46,57,136,-3,-1,1,39Mike,6,35,-55,41,286,3,0,-1,56Mike,6,36,-54,45,300,2,-1,-1,40Mike,6,37,-47,58,321,5,-1,1,39Mike,6,38,-41,50,242,3,0,-1,58Mike,6,39,-59,79,199,1,-1,2,41Mike,6,40,-56,56,278,4,1,1,56Mike,6,41,-52,79,143,1,1,-1,60Mike,6,42,-40,70,140,0,1,1,40Mike,6,43,-55,62,298,1,-1,0,43Mike,6,44,-47,40,210,0,1,0,40Mike,6,45,-45,54,339,3,-1,-1,33Mike,6,46,-47,55,287,-3,1,1,52Mike,6,47,-53,56,225,-5,-1,1,43Mike,6,48,-48,51,103,3,-1,0,49Mike,6,49,-57,50,267,-1,0,-1,60Mike,6,50,-54,80,200,-2,1,-2,47Mike,6,51,-49,84,100,-2,-1,2,51Mike,6,52,-53,74,132,0,-1,1,41Mike,6,53,-50,65,222,1,0,-1,34Mike,6,54,-54,54,372,2,1,-2,33Mike,6,55,-48,83,223,2,0,-2,36Mike,6,56,-57,77,275,3,-1,-1,56Mike,6,57,-49,53,392,-4,-1,-1,49Mike,6,58,-48,40,244,-3,-1,-1,54Mike,6,59,-48,60,187,0,1,0,55Mike,6,60,-45,45,116,3,1,1,50Mike,7,1,-58,74,315,-2,0,0,52Mike,7,2,-51,79,398,3,1,1,36Mike,7,3,-52,61,139,3,0,2,40Mike,7,4,-45,46,154,0,1,-2,53Mike,7,5,-49,57,292,3,1,1,30Mike,7,6,-51,65,320,0,1,-1,36Mike,7,7,-57,89,235,3,1,-2,54Mike,7,8,-45,56,254,-2,0,-1,59Mike,7,9,-56,82,342,2,-1,-1,35Mike,7,10,-45,89,220,3,-1,-2,57Mike,7,11,-42,81,244,-5,-1,-1,54Mike,7,12,-56,76,112,2,1,-2,33Mike,7,13,-41,45,289,-1,1,0,49Mike,7,14,-57,45,384,-4,1,2,34Mike,7,15,-55,41,256,5,1,0,35Mike,7,16,-45,67,203,2,-1,-2,35Mike,7,17,-57,82,355,3,-1,-1,45Mike,7,18,-53,85,175,1,-1,-1,55Mike,7,19,-53,73,245,-1,-1,1,57Mike,7,20,-44,77,141,-2,-1,2,50Mike,7,21,-49,86,343,-5,-1,1,37Mike,7,22,-58,47,217,1,1,-2,54Mike,7,23,-41,55,218,-5,-1,0,49Mike,7,24,-48,48,132,3,-1,0,36Mike,7,25,-41,66,297,2,-1,2,38Mike,7,26,-53,64,336,0,1,-2,34Mike,7,27,-48,57,171,0,0,-1,55Mike,7,28,-58,52,220,-2,1,1,58Mike,7,29,-55,88,337,0,0,-2,55Mike,7,30,-46,72,182,0,-1,0,32Mike,7,31,-41,75,182,5,-1,-2,42Mike,7,32,-51,62,220,-4,1,1,46Mike,7,33,-48,45,238,1,0,2,32Mike,7,34,-60,84,282,-4,1,-2,45Mike,7,35,-40,42,294,-3,-1,2,55Mike,7,36,-50,61,374,-4,1,2,45Mike,7,37,-40,58,101,-3,-1,-2,39Mike,7,38,-60,77,230,-2,1,-2,32Mike,7,39,-45,63,337,-3,-1,-1,34Mike,7,40,-52,88,301,1,-1,-2,47Mike,7,41,-46,85,103,-3,0,-1,56Mike,7,42,-44,59,321,4,-1,0,43Mike,7,43,-48,81,242,5,-1,0,38Mike,7,44,-47,61,158,3,-1,-2,37Mike,7,45,-44,63,311,0,1,2,35Mike,7,46,-53,41,197,-2,-1,0,30Mike,7,47,-43,88,298,3,-1,0,54Mike,7,48,-56,89,348,-4,-1,1,60Mike,7,49,-50,64,283,4,-1,-1,33Mike,7,50,-41,90,180,3,1,2,44Mike,7,51,-57,42,350,5,0,2,32Mike,7,52,-56,66,288,-2,-1,0,44Mike,7,53,-52,52,293,4,0,2,56Mike,7,54,-60,89,123,0,0,-1,58Mike,7,55,-52,81,247,-1,-1,-1,57Mike,7,56,-53,80,184,5,1,-2,31Mike,7,57,-57,64,361,-3,0,0,59Mike,7,58,-48,47,100,0,-1,0,30Mike,7,59,-53,84,279,5,-1,1,30Mike,7,60,-59,88,111,-1,1,-2,35Mike,8,1,-42,75,389,0,-1,2,60Mike,8,2,-47,66,211,-2,0,1,38Mike,8,3,-49,51,128,-5,-1,2,39Mike,8,4,-45,64,234,-3,0,0,57Mike,8,5,-41,52,143,-4,0,-2,54Mike,8,6,-53,66,150,-1,0,0,40Mike,8,7,-47,54,237,5,-1,-1,42Mike,8,8,-59,75,297,-1,1,2,51Mike,8,9,-40,41,117,5,1,0,53Mike,8,10,-52,51,281,-5,1,2,41Mike,8,11,-44,56,383,-5,1,-1,42Mike,8,12,-45,79,160,2,0,1,57Mike,8,13,-55,52,183,5,-1,-1,55Mike,8,14,-53,84,107,1,1,-1,31Mike,8,15,-42,51,391,0,0,-1,58Mike,8,16,-53,52,302,0,1,1,57Mike,8,17,-48,84,231,3,-1,2,58Mike,8,18,-58,46,186,-3,-1,1,41Mike,8,19,-45,49,314,-1,-1,0,52Mike,8,20,-59,68,141,-4,0,2,60Mike,8,21,-53,58,325,-5,-1,2,45Mike,8,22,-41,90,261,-4,1,0,38Mike,8,23,-50,75,139,3,-1,-2,34Mike,8,24,-50,78,322,5,-1,-2,49Mike,8,25,-56,42,174,5,1,-1,54Mike,8,26,-45,42,210,4,0,-2,48Mike,8,27,-57,41,389,0,0,1,43Mike,8,28,-41,72,380,1,1,0,36Mike,8,29,-57,81,184,-2,0,2,46Mike,8,30,-55,45,384,5,1,1,45Mike,8,31,-58,43,376,0,0,1,57Mike,8,32,-57,50,387,-4,-1,2,39Mike,8,33,-40,43,385,-1,0,-1,51Mike,8,34,-52,79,242,-3,0,0,48Mike,8,35,-57,81,244,-2,0,-2,30Mike,8,36,-53,46,312,0,-1,-2,49Mike,8,37,-45,74,159,3,-1,1,46Mike,8,38,-46,68,361,1,-1,2,39Mike,8,39,-57,70,370,-2,0,-2,60Mike,8,40,-58,80,228,0,-1,2,45Mike,8,41,-42,72,283,1,0,-2,52Mike,8,42,-43,88,255,-1,-1,-2,56Mike,8,43,-46,55,353,1,0,2,34Mike,8,44,-57,89,185,-4,1,-2,30Mike,8,45,-45,82,381,1,0,2,32Mike,8,46,-46,83,189,3,0,0,39Mike,8,47,-53,88,109,0,1,-1,43Mike,8,48,-58,60,288,2,-1,2,33Mike,8,49,-45,69,211,2,1,-1,32Mike,8,50,-60,56,154,3,0,2,36Mike,8,51,-57,71,354,1,1,-1,40Mike,8,52,-52,76,375,2,0,2,47Mike,8,53,-52,73,398,1,1,2,53Mike,8,54,-47,78,329,0,1,-2,50Mike,8,55,-45,84,360,-4,-1,1,32Mike,8,56,-60,69,221,5,-1,-2,56Mike,8,57,-48,40,203,2,1,1,58Mike,8,58,-51,77,116,3,0,1,30Mike,8,59,-58,76,391,-5,0,-2,30Mike,8,60,-44,42,207,0,0,0,37Mike,9,1,-40,50,167,-5,1,-2,34Mike,9,2,-44,79,384,4,0,-2,42Mike,9,3,-44,45,234,-2,0,-1,30Mike,9,4,-41,59,270,2,-1,1,57Mike,9,5,-59,76,333,-2,-1,-2,54Mike,9,6,-40,66,222,-4,-1,0,34Mike,9,7,-55,71,138,-4,-1,-2,33Mike,9,8,-53,74,234,4,1,0,57Mike,9,9,-58,88,398,-2,1,1,52Mike,9,10,-56,78,360,5,0,-1,46Mike,9,11,-42,59,294,0,0,-2,44Mike,9,12,-46,75,137,0,-1,-1,36Mike,9,13,-52,84,180,2,-1,2,55Mike,9,14,-41,87,354,4,-1,0,34Mike,9,15,-60,90,286,1,0,2,31Mike,9,16,-41,52,361,-5,-1,-2,44Mike,9,17,-53,63,228,5,-1,-2,39Mike,9,18,-49,58,279,1,1,0,60Mike,9,19,-44,56,126,5,-1,-2,51Mike,9,20,-51,60,205,-3,1,-1,30Mike,9,21,-48,45,340,-4,1,2,45Mike,9,22,-44,45,190,0,-1,1,45Mike,9,23,-44,68,164,-3,-1,-1,46Mike,9,24,-51,55,381,5,1,-2,38Mike,9,25,-58,46,223,5,1,-1,47Mike,9,26,-44,40,306,3,-1,-1,44Mike,9,27,-59,40,263,2,0,0,36Mike,9,28,-49,59,316,-2,-1,2,32Mike,9,29,-53,68,124,-5,1,-2,46Mike,9,30,-49,67,282,2,-1,-2,43Mike,9,31,-49,55,351,0,1,-2,50Mike,9,32,-41,42,291,5,-1,2,58Mike,9,33,-52,79,349,1,-1,-2,44Mike,9,34,-60,41,338,0,0,2,46Mike,9,35,-60,84,109,3,0,0,37Mike,9,36,-59,77,202,0,1,0,55Mike,9,37,-40,80,203,5,-1,0,30Mike,9,38,-53,78,400,4,1,0,52Mike,9,39,-50,58,241,0,0,2,60Mike,9,40,-58,47,297,-5,0,1,56Mike,9,41,-58,56,400,3,-1,0,55Mike,9,42,-51,69,112,0,0,0,46Mike,9,43,-56,72,272,-2,1,-1,46Mike,9,44,-54,73,145,-2,0,-2,46Mike,9,45,-40,46,150,1,-1,2,52Mike,9,46,-55,67,240,3,1,0,48Mike,9,47,-54,44,157,1,1,-1,38Mike,9,48,-50,87,358,-3,1,2,34Mike,9,49,-44,65,190,2,1,1,47Mike,9,50,-54,60,148,3,0,-1,32Mike,9,51,-47,59,155,5,-1,2,46Mike,9,52,-45,74,298,1,-1,-2,49Mike,9,53,-56,64,223,4,0,2,41Mike,9,54,-57,53,303,5,0,0,48Mike,9,55,-45,46,236,-2,-1,-2,38Mike,9,56,-59,50,178,-1,0,0,39Mike,9,57,-40,42,364,-3,1,2,60Mike,9,58,-55,68,142,3,-1,2,51Mike,9,59,-44,56,376,-5,1,-1,45Mike,9,60,-42,56,381,2,0,2,45Mike,10,1,-43,70,152,-5,1,2,32Mike,10,2,-48,71,289,-2,-1,1,58Mike,10,3,-57,79,207,1,1,-2,44Mike,10,4,-51,45,304,-2,1,1,42Mike,10,5,-48,55,138,-4,-1,0,52Mike,10,6,-50,55,237,-1,0,2,60Mike,10,7,-50,77,344,-5,-1,-1,55Mike,10,8,-55,85,286,-1,1,2,52Mike,10,9,-42,88,148,1,1,0,56Mike,10,10,-52,90,234,2,0,1,42Mike,10,11,-49,46,393,1,0,2,46Mike,10,12,-57,47,255,-2,1,0,36Mike,10,13,-51,41,342,1,1,-1,41Mike,10,14,-56,88,357,0,0,2,32Mike,10,15,-54,79,185,5,1,2,53Mike,10,16,-59,78,194,-1,1,2,38Mike,10,17,-43,89,239,5,1,2,33Mike,10,18,-50,81,255,5,-1,0,59Mike,10,19,-42,63,359,0,0,-1,58Mike,10,20,-44,84,210,5,1,2,58Mike,10,21,-41,57,297,5,0,0,46Mike,10,22,-45,79,115,-5,0,-2,59Mike,10,23,-55,68,203,3,0,1,59Mike,10,24,-57,63,152,-2,-1,0,42Mike,10,25,-41,50,324,0,0,0,53Mike,10,26,-50,77,279,3,0,1,51Mike,10,27,-51,84,339,3,1,2,38Mike,10,28,-59,45,222,-1,-1,0,49Mike,10,29,-49,53,157,-5,1,2,56Mike,10,30,-45,56,269,-2,0,0,56Mike,10,31,-47,85,104,-5,-1,-2,48Mike,10,32,-42,59,353,5,0,0,55Mike,10,33,-56,59,296,0,1,2,46Mike,10,34,-57,89,290,3,1,1,39Mike,10,35,-48,56,353,2,-1,-2,37Mike,10,36,-44,57,344,0,-1,1,41Mike,10,37,-43,89,102,3,1,1,31Mike,10,38,-40,75,164,4,0,2,30Mike,10,39,-51,69,197,4,1,-2,50Mike,10,40,-51,49,100,4,1,0,58Mike,10,41,-49,70,311,-2,0,1,41Mike,10,42,-52,85,190,-2,0,-1,58Mike,10,43,-40,89,133,-5,1,0,58Mike,10,44,-58,83,125,-2,0,-2,45Mike,10,45,-54,61,355,0,0,0,36Mike,10,46,-40,81,148,4,0,1,44Mike,10,47,-54,72,169,4,0,0,32Mike,10,48,-42,86,283,-2,-1,1,50Mike,10,49,-55,53,211,0,-1,-2,34Mike,10,50,-59,44,233,1,1,-1,52Mike,10,51,-42,58,148,5,-1,1,54Mike,10,52,-42,54,162,-3,0,-2,37Mike,10,53,-54,69,302,5,0,-2,44Mike,10,54,-52,54,378,-2,0,0,30Mike,10,55,-49,53,124,3,0,-1,42Mike,10,56,-60,60,163,4,0,-1,34Mike,10,57,-54,89,327,4,0,2,59Mike,10,58,-55,51,313,-1,-1,1,38Mike,10,59,-43,49,342,-3,0,-1,56Mike,10,60,-50,41,335,3,0,-2,47Mike,11,1,-59,68,288,-1,1,2,37Mike,11,2,-60,79,184,-4,-1,-2,41Mike,11,3,-58,42,181,4,0,0,48Mike,11,4,-47,56,249,4,1,-2,38Mike,11,5,-60,63,333,-1,-1,2,31Mike,11,6,-46,86,234,2,-1,0,55Mike,11,7,-50,78,386,-4,1,0,30Mike,11,8,-56,58,117,2,0,0,42Mike,11,9,-48,88,237,2,0,0,31Mike,11,10,-48,48,319,5,-1,-2,34Mike,11,11,-57,53,257,-1,0,-1,59Mike,11,12,-59,87,197,3,-1,-1,37Mike,11,13,-58,44,202,-4,-1,0,30Mike,11,14,-48,64,333,-5,1,-1,53Mike,11,15,-48,81,205,-2,1,2,30Mike,11,16,-40,72,264,-5,0,0,57Mike,11,17,-55,63,167,-1,0,-2,44Mike,11,18,-50,80,320,1,0,-1,47Mike,11,19,-52,81,235,3,-1,-2,57Mike,11,20,-44,45,378,-3,0,0,43Mike,11,21,-60,61,374,5,1,1,45Mike,11,22,-58,52,178,0,0,0,31Mike,11,23,-53,87,160,0,-1,1,33Mike,11,24,-46,53,204,2,-1,-1,32Mike,11,25,-54,62,164,1,-1,2,49Mike,11,26,-41,80,371,4,0,1,39Mike,11,27,-56,48,220,-1,1,1,40Mike,11,28,-52,77,151,5,-1,-1,34Mike,11,29,-56,83,313,5,0,-2,34Mike,11,30,-53,71,240,0,1,-2,60Mike,11,31,-54,42,196,2,1,1,31Mike,11,32,-51,53,104,1,0,2,55Mike,11,33,-60,58,396,-3,-1,-2,58Mike,11,34,-60,82,318,-3,-1,1,43Mike,11,35,-46,75,390,-4,1,-2,33Mike,11,36,-56,77,208,4,0,0,34Mike,11,37,-47,76,315,-1,0,0,54Mike,11,38,-48,90,264,4,0,0,58Mike,11,39,-54,40,167,-4,0,2,36Mike,11,40,-48,55,289,-2,0,-2,40Mike,11,41,-41,66,124,5,0,-2,37Mike,11,42,-47,83,255,3,0,2,49Mike,11,43,-46,67,203,2,-1,2,33Mike,11,44,-59,86,159,4,-1,-1,47Mike,11,45,-54,44,234,1,-1,-2,43Mike,11,46,-47,55,283,-2,0,0,35Mike,11,47,-44,50,244,3,0,2,46Mike,11,48,-40,79,262,-1,-1,-2,33Mike,11,49,-45,78,286,4,-1,-2,46Mike,11,50,-57,82,272,0,0,-2,52Mike,11,51,-43,43,151,-2,-1,-1,39Mike,11,52,-52,75,151,-3,0,2,33Mike,11,53,-44,80,274,5,0,0,39Mike,11,54,-53,72,113,4,0,2,40Mike,11,55,-53,58,339,-3,-1,1,37Mike,11,56,-42,47,332,-5,1,2,38Mike,11,57,-43,59,199,-1,1,1,40Mike,11,58,-49,82,384,-3,-1,-1,59Mike,11,59,-47,47,154,1,0,-1,52Mike,11,60,-45,65,303,5,-1,-1,58Mike,12,1,-58,63,191,4,-1,-1,50Mike,12,2,-58,75,159,-1,-1,1,58Mike,12,3,-48,46,281,-4,-1,-1,59Mike,12,4,-52,75,336,-3,0,0,31Mike,12,5,-60,75,238,-4,1,-2,59Mike,12,6,-56,89,344,-5,-1,-2,38Mike,12,7,-57,71,280,0,0,1,57Mike,12,8,-60,61,118,-4,0,-2,33Mike,12,9,-45,44,279,1,0,2,40Mike,12,10,-42,71,288,2,-1,-2,41Mike,12,11,-59,58,343,-5,0,0,42Mike,12,12,-50,58,346,-5,0,1,47Mike,12,13,-54,46,212,-2,0,-2,39Mike,12,14,-41,80,316,-1,-1,-1,45Mike,12,15,-42,59,271,5,-1,0,43Mike,12,16,-43,45,303,-1,-1,0,58Mike,12,17,-43,77,155,4,0,0,39Mike,12,18,-48,87,336,2,1,1,45Mike,12,19,-56,46,237,-1,1,0,34Mike,12,20,-46,70,251,1,0,2,30Mike,12,21,-42,71,180,-3,1,1,47Mike,12,22,-43,63,276,3,-1,2,47Mike,12,23,-55,90,310,2,1,-2,44Mike,12,24,-52,72,142,-4,-1,1,50Mike,12,25,-59,66,142,3,-1,0,30Mike,12,26,-55,80,185,3,-1,1,48Mike,12,27,-56,40,243,3,0,2,50Mike,12,28,-54,59,233,-5,-1,-1,33Mike,12,29,-48,51,246,-1,-1,1,30Mike,12,30,-58,61,355,0,1,1,53Mike,12,31,-46,69,313,4,1,-2,51Mike,12,32,-42,64,145,1,1,1,51Mike,12,33,-46,71,117,3,0,-2,45Mike,12,34,-59,44,210,3,0,0,37Mike,12,35,-54,52,144,0,0,2,34Mike,12,36,-40,56,183,1,-1,1,43Mike,12,37,-57,51,290,5,-1,2,44Mike,12,38,-57,62,280,3,0,0,43Mike,12,39,-59,90,306,-1,0,-1,55Mike,12,40,-54,50,132,0,0,-2,50Mike,12,41,-47,80,311,3,-1,-1,50Mike,12,42,-59,70,243,-4,1,-1,48Mike,12,43,-56,45,365,-5,1,2,41Mike,12,44,-44,42,362,5,0,2,48Mike,12,45,-49,48,193,-4,1,-2,42Mike,12,46,-52,46,294,0,1,-2,32Mike,12,47,-60,85,263,-1,0,-2,44Mike,12,48,-42,59,328,-5,1,1,31Mike,12,49,-41,88,361,-2,0,-1,47Mike,12,50,-45,84,192,-4,1,-1,30Mike,12,51,-55,69,118,1,-1,-1,57Mike,12,52,-58,64,241,-1,0,-1,47Mike,12,53,-43,81,298,-5,-1,2,60Mike,12,54,-58,47,347,0,-1,0,40Mike,12,55,-50,43,131,3,-1,-1,42Mike,12,56,-51,80,185,-1,1,-2,46Mike,12,57,-57,59,397,-4,1,1,38Mike,12,58,-48,66,119,1,-1,0,32Mike,12,59,-60,76,346,4,-1,-2,42Mike,12,60,-43,84,139,0,-1,1,40Mike,13,1,-59,72,177,-5,0,-1,46Mike,13,2,-46,60,233,-3,-1,-1,57Mike,13,3,-53,44,387,-1,0,-2,36Mike,13,4,-58,54,177,-3,0,2,33Mike,13,5,-41,52,152,3,1,0,30Mike,13,6,-45,82,189,-1,1,0,30Mike,13,7,-53,80,226,-1,1,0,49Mike,13,8,-49,54,221,-4,1,2,53Mike,13,9,-59,87,100,4,1,-2,40Mike,13,10,-40,87,106,-2,-1,0,43Mike,13,11,-43,90,355,4,1,1,51Mike,13,12,-55,57,336,2,-1,-1,37Mike,13,13,-42,69,163,1,0,-1,44Mike,13,14,-45,74,232,2,0,0,35Mike,13,15,-59,90,123,4,0,0,34Mike,13,16,-43,89,198,-4,-1,-1,56Mike,13,17,-40,48,323,-5,0,0,35Mike,13,18,-55,82,356,-2,1,-2,58Mike,13,19,-40,50,388,3,0,2,41Mike,13,20,-48,50,101,-2,0,0,30Mike,13,21,-56,72,340,0,-1,-2,48Mike,13,22,-56,49,184,2,1,1,49Mike,13,23,-53,89,397,5,1,0,51Mike,13,24,-54,67,159,-2,0,0,57Mike,13,25,-43,84,176,-3,0,-1,43Mike,13,26,-44,82,243,5,0,-2,36Mike,13,27,-60,77,353,3,0,-1,51Mike,13,28,-47,41,124,3,0,1,31Mike,13,29,-51,74,366,-2,-1,1,53Mike,13,30,-52,54,326,4,1,-2,31Mike,13,31,-53,65,316,4,1,1,31Mike,13,32,-52,46,373,1,0,-2,46Mike,13,33,-51,64,337,1,-1,0,31Mike,13,34,-54,58,258,1,-1,1,34Mike,13,35,-49,78,117,4,1,2,44Mike,13,36,-53,79,258,-1,-1,2,55Mike,13,37,-53,75,237,2,0,-1,59Mike,13,38,-43,74,389,1,1,1,49Mike,13,39,-41,76,256,0,-1,1,41Mike,13,40,-58,45,230,-1,-1,-2,32Mike,13,41,-54,61,251,5,-1,-2,50Mike,13,42,-43,63,375,-3,0,0,36Mike,13,43,-50,49,359,-2,-1,2,36Mike,13,44,-46,80,110,0,0,-2,49Mike,13,45,-43,55,364,-1,0,-1,34Mike,13,46,-57,46,291,1,1,-1,54Mike,13,47,-45,61,209,-4,1,1,51Mike,13,48,-45,65,367,4,1,-1,58Mike,13,49,-48,40,399,2,-1,-1,57Mike,13,50,-46,41,198,5,0,1,54Mike,13,51,-42,46,341,5,1,1,54Mike,13,52,-60,40,166,-3,-1,0,57Mike,13,53,-56,54,383,1,0,-1,52Mike,13,54,-47,80,138,-4,0,1,44Mike,13,55,-56,44,242,-3,-1,0,60Mike,13,56,-59,65,164,-5,-1,1,48Mike,13,57,-53,56,192,1,-1,-1,45Mike,13,58,-52,78,229,0,0,-1,38Mike,13,59,-50,83,141,-5,1,1,53Mike,13,60,-54,69,205,-5,-1,2,35Mike,14,1,-56,67,121,-4,0,-2,33Mike,14,2,-46,41,146,5,-1,0,56Mike,14,3,-43,88,191,-1,0,-1,41Mike,14,4,-50,63,201,1,1,0,52Mike,14,5,-46,43,142,0,0,-2,33Mike,14,6,-40,84,208,5,1,2,38Mike,14,7,-59,79,182,3,-1,0,54Mike,14,8,-54,56,263,-4,1,2,54Mike,14,9,-45,47,142,-4,1,-2,35Mike,14,10,-43,57,301,4,-1,0,35Mike,14,11,-46,66,237,1,-1,2,31Mike,14,12,-50,46,364,5,0,-2,52Mike,14,13,-48,71,336,-2,0,-2,57Mike,14,14,-53,59,227,4,0,1,53Mike,14,15,-45,90,368,-5,0,-1,37Mike,14,16,-48,67,131,-4,0,1,56Mike,14,17,-57,58,395,3,0,0,48Mike,14,18,-55,85,261,-5,-1,1,32Mike,14,19,-48,41,399,-2,1,0,59Mike,14,20,-57,69,125,4,0,2,43Mike,14,21,-41,71,286,-2,0,2,52Mike,14,22,-48,68,278,3,-1,-2,35Mike,14,23,-59,44,176,1,0,-1,39Mike,14,24,-47,75,331,-2,0,-1,52Mike,14,25,-53,80,139,1,0,0,34Mike,14,26,-51,83,372,3,-1,2,50Mike,14,27,-48,73,212,0,1,-1,59Mike,14,28,-44,87,313,-5,-1,1,59Mike,14,29,-44,69,380,2,1,2,55Mike,14,30,-52,76,301,-3,-1,2,34Mike,14,31,-47,40,217,-4,1,-1,53Mike,14,32,-52,55,135,5,0,-2,37Mike,14,33,-54,72,310,-1,1,0,30Mike,14,34,-57,73,399,1,1,2,31Mike,14,35,-51,74,253,0,-1,-1,37Mike,14,36,-58,53,316,-1,1,1,37Mike,14,37,-50,73,153,4,-1,-2,60Mike,14,38,-41,53,296,-1,0,-1,49Mike,14,39,-46,67,339,-4,-1,-1,60Mike,14,40,-53,87,320,-4,1,-2,59Mike,14,41,-53,71,221,-3,1,0,47Mike,14,42,-47,47,318,3,1,0,39Mike,14,43,-56,65,109,0,1,0,55Mike,14,44,-53,65,306,4,-1,-1,54Mike,14,45,-57,79,215,-5,1,0,36Mike,14,46,-57,77,257,-2,0,0,48Mike,14,47,-40,45,120,-2,1,-1,30Mike,14,48,-52,56,254,-4,-1,-1,37Mike,14,49,-51,49,266,-1,-1,2,57Mike,14,50,-40,46,342,1,0,1,36Mike,14,51,-46,58,159,4,1,-2,59Mike,14,52,-46,81,312,3,1,2,49Mike,14,53,-58,47,101,2,-1,1,49Mike,14,54,-48,72,251,-2,-1,2,52Mike,14,55,-45,84,386,5,0,-1,30Mike,14,56,-54,43,303,0,-1,1,49Mike,14,57,-56,41,340,3,0,-1,36Mike,14,58,-57,87,358,-5,0,2,56Mike,14,59,-48,66,234,-5,0,-1,33Mike,14,60,-59,58,335,2,-1,0,30Mike,15,1,-42,62,187,-2,-1,-2,41Mike,15,2,-47,89,220,-4,-1,-1,48Mike,15,3,-58,41,333,5,0,0,51Mike,15,4,-47,63,334,-5,1,1,42Mike,15,5,-53,47,168,1,0,-2,30Mike,15,6,-46,69,364,5,1,1,50Mike,15,7,-41,57,232,5,1,-1,47Mike,15,8,-56,41,298,-1,0,2,56Mike,15,9,-46,90,231,4,-1,1,31Mike,15,10,-60,74,356,0,-1,-1,43Mike,15,11,-41,71,141,-4,0,2,33Mike,15,12,-49,53,124,-3,1,2,45Mike,15,13,-47,54,299,-2,0,1,43Mike,15,14,-51,74,188,-5,-1,-2,46Mike,15,15,-53,42,138,-3,0,-1,30Mike,15,16,-51,72,271,-2,-1,0,33Mike,15,17,-60,87,388,-1,-1,0,59Mike,15,18,-42,58,354,-2,1,-2,59Mike,15,19,-49,59,325,1,-1,2,52Mike,15,20,-44,65,133,3,-1,2,40Mike,15,21,-53,63,358,-2,-1,2,40Mike,15,22,-59,69,323,-3,0,-2,57Mike,15,23,-49,85,224,-2,0,2,56Mike,15,24,-54,53,316,-5,1,1,36Mike,15,25,-50,42,147,-1,0,1,41Mike,15,26,-50,44,355,-5,1,-2,56Mike,15,27,-58,67,383,5,-1,1,58Mike,15,28,-47,76,245,-1,1,-1,33Mike,15,29,-46,59,272,-4,0,-2,48Mike,15,30,-45,89,121,-2,0,2,34Mike,15,31,-40,40,189,-5,0,-2,40Mike,15,32,-54,61,197,4,1,0,48Mike,15,33,-42,57,217,0,-1,-2,32Mike,15,34,-56,83,310,3,0,-2,49Mike,15,35,-57,68,277,-1,1,-1,44Mike,15,36,-42,78,100,2,1,1,40Mike,15,37,-46,85,173,-4,-1,1,32Mike,15,38,-59,56,222,4,1,-1,55Mike,15,39,-49,40,361,0,1,2,60Mike,15,40,-47,64,226,5,0,2,30Mike,15,41,-51,50,110,-3,1,1,38Mike,15,42,-46,74,296,1,1,2,37Mike,15,43,-42,52,224,4,-1,0,33Mike,15,44,-60,82,390,3,-1,1,42Mike,15,45,-52,68,171,4,-1,-2,59Mike,15,46,-45,81,289,2,0,0,53Mike,15,47,-57,74,115,-3,-1,-1,31Mike,15,48,-56,59,251,2,-1,1,46Mike,15,49,-52,49,283,1,-1,2,49Mike,15,50,-47,63,239,3,-1,-2,30Mike,15,51,-56,48,287,-4,-1,2,42Mike,15,52,-59,66,253,5,0,2,51Mike,15,53,-44,41,392,5,0,-1,30Mike,15,54,-44,79,240,5,-1,0,33Mike,15,55,-55,55,197,5,-1,1,50Mike,15,56,-46,45,293,5,1,1,34Mike,15,57,-56,72,121,-1,1,2,35Mike,15,58,-48,80,215,0,0,0,53Mike,15,59,-50,44,335,4,-1,-2,37Mike,15,60,-46,49,215,-4,0,2,47Mike,16,1,-55,58,122,4,0,1,52Mike,16,2,-46,47,230,0,1,-2,33Mike,16,3,-49,46,182,1,1,2,34Mike,16,4,-57,85,197,4,0,-2,54Mike,16,5,-41,58,103,-4,0,-2,53Mike,16,6,-42,86,141,5,1,2,48Mike,16,7,-57,73,255,-3,1,2,52Mike,16,8,-42,53,384,3,1,1,41Mike,16,9,-42,71,289,4,0,1,60Mike,16,10,-57,73,223,-4,-1,-1,39Mike,16,11,-41,64,265,3,-1,2,39Mike,16,12,-53,45,221,2,1,-1,34Mike,16,13,-57,71,287,-1,-1,2,56Mike,16,14,-58,86,192,3,-1,-2,42Mike,16,15,-50,61,191,-2,0,0,44Mike,16,16,-42,66,119,-3,1,-2,55Mike,16,17,-49,88,302,-5,-1,-1,38Mike,16,18,-51,90,122,-5,0,0,56Mike,16,19,-57,64,315,-5,0,2,33Mike,16,20,-47,64,185,3,-1,-1,34Mike,16,21,-58,89,158,-2,1,-2,38Mike,16,22,-55,90,393,4,-1,-2,56Mike,16,23,-50,44,297,-2,0,0,45Mike,16,24,-60,55,313,3,0,-2,52Mike,16,25,-60,58,331,-5,1,0,40Mike,16,26,-49,70,234,5,0,2,54Mike,16,27,-43,66,204,2,-1,2,36Mike,16,28,-43,47,321,5,-1,0,45Mike,16,29,-54,76,230,2,-1,2,40Mike,16,30,-45,69,161,2,-1,1,59Mike,16,31,-43,45,270,4,1,-1,34Mike,16,32,-53,60,105,5,-1,0,40Mike,16,33,-43,54,285,4,1,0,42Mike,16,34,-48,41,134,-4,-1,1,53Mike,16,35,-58,68,173,0,0,2,42Mike,16,36,-56,43,342,-3,-1,1,50Mike,16,37,-55,62,204,-2,1,2,52Mike,16,38,-53,82,313,-5,0,-1,50Mike,16,39,-45,60,131,4,-1,2,34Mike,16,40,-50,59,287,1,-1,-1,43Mike,16,41,-52,59,225,-2,1,-1,41Mike,16,42,-44,69,391,2,0,2,47Mike,16,43,-40,49,296,-5,0,1,47Mike,16,44,-40,81,302,-3,1,-1,55Mike,16,45,-52,76,105,-3,0,1,54Mike,16,46,-48,51,356,3,-1,1,53Mike,16,47,-55,78,232,-5,-1,1,38Mike,16,48,-49,88,200,-3,1,-2,53Mike,16,49,-56,85,337,2,0,1,53Mike,16,50,-54,63,346,4,-1,1,36Mike,16,51,-57,60,147,-5,-1,2,54Mike,16,52,-50,84,144,-3,-1,0,40Mike,16,53,-40,41,248,-1,0,2,43Mike,16,54,-57,84,220,3,1,-2,48Mike,16,55,-49,66,176,3,0,2,56Mike,16,56,-52,44,147,-5,1,-1,31Mike,16,57,-47,71,269,4,0,-1,40Mike,16,58,-41,63,331,-5,1,1,57Mike,16,59,-44,54,165,-4,0,2,34Mike,16,60,-44,55,218,2,-1,1,46Mike,17,1,-40,52,105,-4,0,-1,50Mike,17,2,-55,87,114,1,1,1,50Mike,17,3,-52,79,218,1,-1,2,36Mike,17,4,-45,77,347,-2,0,1,48Mike,17,5,-52,81,131,-4,-1,-2,40Mike,17,6,-56,71,362,4,0,0,34Mike,17,7,-57,60,170,0,-1,2,49Mike,17,8,-59,72,240,-4,-1,-1,51Mike,17,9,-60,59,375,-2,0,-2,31Mike,17,10,-49,72,252,0,-1,0,33Mike,17,11,-41,40,333,-4,0,-2,39Mike,17,12,-40,70,116,1,1,-1,33Mike,17,13,-42,78,381,-4,-1,1,30Mike,17,14,-57,80,311,2,1,0,31Mike,17,15,-46,46,250,5,0,-1,48Mike,17,16,-55,80,310,1,-1,-1,40Mike,17,17,-59,75,189,4,1,1,40Mike,17,18,-45,86,134,-4,1,0,54Mike,17,19,-40,74,257,-3,0,1,58Mike,17,20,-50,84,241,-5,0,0,47Mike,17,21,-49,72,209,5,0,0,55Mike,17,22,-43,74,335,2,-1,-1,43Mike,17,23,-44,43,285,-4,-1,0,52Mike,17,24,-50,53,189,3,-1,1,34Mike,17,25,-47,75,386,-4,1,-1,60Mike,17,26,-52,56,342,4,0,-2,54Mike,17,27,-53,52,379,0,1,2,53Mike,17,28,-47,83,209,0,0,2,36Mike,17,29,-50,71,140,5,1,2,59Mike,17,30,-58,45,247,5,0,0,40Mike,17,31,-42,90,182,-2,0,-1,59Mike,17,32,-49,41,192,1,1,2,46Mike,17,33,-57,40,181,-3,0,0,41Mike,17,34,-60,53,339,-2,1,-2,38Mike,17,35,-54,55,111,2,1,-2,39Mike,17,36,-56,47,196,3,0,1,39Mike,17,37,-57,45,263,-1,-1,0,54Mike,17,38,-49,89,379,-4,1,0,34Mike,17,39,-45,58,304,0,1,1,38Mike,17,40,-54,53,160,1,0,2,42Mike,17,41,-59,56,370,5,0,-1,44Mike,17,42,-46,69,301,-4,-1,2,30Mike,17,43,-58,48,302,-2,0,-2,57Mike,17,44,-53,81,367,3,-1,2,37Mike,17,45,-40,86,101,-3,-1,-2,31Mike,17,46,-41,72,192,2,0,-2,44Mike,17,47,-58,67,388,0,-1,2,48Mike,17,48,-60,41,230,0,0,1,49Mike,17,49,-60,56,132,-1,1,-2,40Mike,17,50,-44,74,240,0,1,0,40Mike,17,51,-40,43,193,-2,1,-1,36Mike,17,52,-40,40,388,-3,1,0,54Mike,17,53,-56,40,334,5,-1,2,40Mike,17,54,-47,85,205,3,0,0,48Mike,17,55,-40,50,243,2,-1,1,32Mike,17,56,-52,50,369,0,1,-1,58Mike,17,57,-51,71,131,1,1,-1,43Mike,17,58,-45,53,337,0,0,0,35Mike,17,59,-44,41,269,-3,-1,2,37Mike,17,60,-55,71,339,-4,0,-2,48Mike,18,1,-50,90,295,5,0,-2,50Mike,18,2,-42,68,247,0,1,2,37Mike,18,3,-40,80,320,5,1,-2,43Mike,18,4,-41,79,247,2,1,0,52Mike,18,5,-53,77,204,2,1,-1,38Mike,18,6,-41,58,333,-4,0,-1,41Mike,18,7,-60,82,279,-2,0,1,32Mike,18,8,-40,69,327,2,-1,2,59Mike,18,9,-44,69,176,-2,0,2,36Mike,18,10,-60,49,184,-5,0,1,40Mike,18,11,-58,55,243,2,-1,-1,46Mike,18,12,-57,56,345,5,-1,-2,43Mike,18,13,-49,68,105,-3,1,2,37Mike,18,14,-44,76,356,-4,-1,1,46Mike,18,15,-40,44,148,2,1,2,52Mike,18,16,-44,80,201,5,1,-2,36Mike,18,17,-40,50,120,4,-1,1,45Mike,18,18,-42,44,219,3,1,-2,53Mike,18,19,-56,56,201,-1,0,-1,46Mike,18,20,-56,56,268,-2,1,2,30Mike,18,21,-46,65,123,-2,-1,-2,45Mike,18,22,-43,68,117,0,1,2,46Mike,18,23,-52,46,160,2,-1,-2,60Mike,18,24,-41,84,273,-5,-1,2,37Mike,18,25,-45,51,371,1,1,0,57Mike,18,26,-46,64,294,5,0,2,56Mike,18,27,-54,65,394,5,-1,-2,44Mike,18,28,-48,47,125,1,-1,0,44Mike,18,29,-54,59,297,0,0,-1,48Mike,18,30,-42,79,241,-5,0,1,35Mike,18,31,-42,45,182,-1,-1,2,59Mike,18,32,-49,84,378,-4,0,1,42Mike,18,33,-45,67,367,-4,0,1,49Mike,18,34,-52,44,152,3,-1,1,45Mike,18,35,-40,64,255,-5,0,-1,50Mike,18,36,-57,53,127,-5,1,2,56Mike,18,37,-50,64,364,-3,0,-1,57Mike,18,38,-40,43,371,-3,0,1,52Mike,18,39,-49,57,300,4,-1,-1,31Mike,18,40,-48,80,180,1,-1,-2,46Mike,18,41,-50,49,218,5,-1,2,32Mike,18,42,-45,57,128,0,1,-2,60Mike,18,43,-47,43,268,-3,0,-1,41Mike,18,44,-53,55,331,-5,-1,-2,36Mike,18,45,-42,46,356,-4,0,2,57Mike,18,46,-56,76,336,-1,-1,-1,33Mike,18,47,-52,47,203,1,-1,0,34Mike,18,48,-46,48,259,-2,0,2,33Mike,18,49,-45,56,376,-2,1,-2,45Mike,18,50,-54,62,267,-2,-1,-2,38Mike,18,51,-51,45,299,3,1,1,36Mike,18,52,-55,87,167,5,1,2,40Mike,18,53,-51,40,166,3,1,0,53Mike,18,54,-48,48,217,4,0,0,57Mike,18,55,-51,85,175,-4,1,1,31Mike,18,56,-54,45,174,-2,1,0,58Mike,18,57,-58,58,282,-4,-1,0,40Mike,18,58,-43,70,251,-1,-1,-1,47Mike,18,59,-51,56,313,-5,1,-2,30Mike,18,60,-59,74,389,-3,-1,-2,31Mike,19,1,-42,76,256,2,0,-1,55Mike,19,2,-56,50,304,5,1,0,46Mike,19,3,-56,41,218,-4,0,1,31Mike,19,4,-55,73,333,0,0,1,55Mike,19,5,-46,65,141,5,0,-1,48Mike,19,6,-58,83,132,-4,1,2,57Mike,19,7,-59,63,326,0,1,0,30Mike,19,8,-55,47,182,2,-1,0,58Mike,19,9,-50,42,330,-2,1,1,56Mike,19,10,-40,57,300,-1,0,1,49Mike,19,11,-47,75,322,4,1,0,36Mike,19,12,-48,74,187,4,0,1,49Mike,19,13,-56,73,382,-4,-1,1,52Mike,19,14,-44,62,194,-2,0,1,33Mike,19,15,-57,59,257,-4,1,-2,58Mike,19,16,-44,42,269,-2,1,-1,52Mike,19,17,-49,45,107,2,-1,0,57Mike,19,18,-40,65,356,3,-1,-1,48Mike,19,19,-48,84,182,1,1,-1,45Mike,19,20,-51,48,128,-3,-1,-1,36Mike,19,21,-40,71,198,-3,-1,1,42Mike,19,22,-60,71,188,4,1,0,60Mike,19,23,-41,48,187,1,1,0,47Mike,19,24,-49,87,368,1,1,-2,60Mike,19,25,-58,87,265,5,-1,-2,45Mike,19,26,-59,86,140,5,0,0,50Mike,19,27,-49,72,298,5,0,-2,42Mike,19,28,-55,46,361,4,0,-2,43Mike,19,29,-59,42,384,0,-1,-2,57Mike,19,30,-51,56,226,5,-1,-1,59Mike,19,31,-44,66,128,-1,1,0,39Mike,19,32,-54,54,123,-2,-1,2,40Mike,19,33,-45,67,324,3,-1,-1,43Mike,19,34,-43,58,154,-3,1,1,37Mike,19,35,-44,81,170,4,1,1,60Mike,19,36,-42,66,134,-2,-1,-2,45Mike,19,37,-53,74,164,2,0,-2,55Mike,19,38,-58,85,166,-2,-1,-2,33Mike,19,39,-41,81,245,-2,0,-2,30Mike,19,40,-57,86,161,-4,1,-2,55Mike,19,41,-46,82,176,-1,0,2,51Mike,19,42,-58,46,201,-3,0,0,41Mike,19,43,-52,52,103,-2,1,1,46Mike,19,44,-49,51,375,-5,-1,2,35Mike,19,45,-40,86,148,1,0,-2,37Mike,19,46,-60,63,366,-2,0,0,42Mike,19,47,-42,62,244,0,0,2,53Mike,19,48,-45,46,278,3,1,-1,57Mike,19,49,-40,76,282,1,1,1,38Mike,19,50,-54,77,312,2,-1,-1,56Mike,19,51,-47,51,310,-2,0,-2,48Mike,19,52,-55,65,148,-3,0,2,53Mike,19,53,-49,81,117,-3,-1,1,37Mike,19,54,-58,51,394,-3,1,-1,52Mike,19,55,-48,62,105,5,1,-1,32Mike,19,56,-54,78,310,1,0,2,54Mike,19,57,-40,83,329,-2,0,-2,54Mike,19,58,-55,44,171,4,0,0,44Mike,19,59,-43,90,330,5,1,-2,45Mike,19,60,-52,47,286,-1,1,2,58Mike,20,1,-59,84,271,3,1,-2,49Mike,20,2,-41,75,249,-3,-1,0,35Mike,20,3,-49,62,268,5,0,1,37Mike,20,4,-55,53,120,-1,-1,-1,54Mike,20,5,-44,86,235,1,1,2,54Mike,20,6,-45,77,362,4,-1,2,54Mike,20,7,-57,68,354,5,-1,2,44Mike,20,8,-52,50,183,5,1,-2,48Mike,20,9,-56,83,150,0,-1,0,56Mike,20,10,-42,45,344,1,1,1,42Mike,20,11,-46,68,241,2,1,2,40Mike,20,12,-49,59,187,-1,-1,-1,56Mike,20,13,-59,76,188,2,1,1,32Mike,20,14,-59,43,205,5,0,-1,45Mike,20,15,-48,56,202,3,0,0,56Mike,20,16,-45,41,116,1,-1,-2,30Mike,20,17,-48,56,232,-5,0,0,46Mike,20,18,-56,67,395,5,1,0,53Mike,20,19,-51,42,400,1,0,2,36Mike,20,20,-54,47,228,4,1,-2,52Mike,20,21,-54,88,392,5,1,1,39Mike,20,22,-56,58,228,4,1,-2,32Mike,20,23,-43,63,108,-4,0,0,53Mike,20,24,-50,84,121,-3,-1,1,38Mike,20,25,-54,78,338,1,0,1,44Mike,20,26,-57,75,232,-2,0,-2,37Mike,20,27,-48,53,297,4,0,-1,41Mike,20,28,-48,76,105,2,-1,-2,34Mike,20,29,-57,61,268,-3,0,1,41Mike,20,30,-52,61,208,2,0,-2,52Mike,20,31,-54,60,253,0,1,2,44Mike,20,32,-51,53,116,-1,-1,2,34Mike,20,33,-59,87,106,-5,0,-2,45Mike,20,34,-48,64,109,-2,-1,2,30Mike,20,35,-41,83,190,3,0,0,41Mike,20,36,-58,56,149,0,1,0,34Mike,20,37,-49,75,185,-4,1,-2,37Mike,20,38,-58,43,200,-4,-1,0,52Mike,20,39,-45,78,300,3,-1,0,60Mike,20,40,-54,59,111,-3,0,2,49Mike,20,41,-51,75,254,3,0,-2,44Mike,20,42,-48,60,210,-3,0,1,57Mike,20,43,-54,65,379,3,1,1,57Mike,20,44,-60,45,157,-4,1,2,58Mike,20,45,-51,41,180,5,1,-1,60Mike,20,46,-54,63,324,-2,0,-2,43Mike,20,47,-45,79,344,-1,0,2,56Mike,20,48,-55,58,303,-1,0,2,41Mike,20,49,-43,53,378,-3,-1,0,57Mike,20,50,-52,58,319,3,0,1,37Mike,20,51,-60,58,168,0,-1,-1,47Mike,20,52,-42,41,171,3,0,1,48Mike,20,53,-55,54,330,-1,1,-1,40Mike,20,54,-43,84,235,-2,0,1,42Mike,20,55,-52,46,157,3,0,-2,41Mike,20,56,-47,77,343,5,-1,0,41Mike,20,57,-58,62,199,3,-1,1,44Mike,20,58,-45,80,390,-5,-1,2,31Mike,20,59,-43,63,169,-1,0,0,38Mike,20,60,-41,59,228,5,0,-2,39Mike,21,1,-52,46,255,3,1,1,53Mike,21,2,-53,60,281,1,1,-2,32Mike,21,3,-41,69,338,0,0,0,42Mike,21,4,-41,62,213,2,1,-1,39Mike,21,5,-45,49,114,3,0,1,50Mike,21,6,-48,70,227,5,1,-2,41Mike,21,7,-45,52,394,4,0,-2,59Mike,21,8,-49,77,106,-4,-1,2,51Mike,21,9,-47,45,196,0,1,1,48Mike,21,10,-56,65,236,-3,1,-1,56Mike,21,11,-53,65,316,-2,0,1,39Mike,21,12,-53,83,265,3,1,-1,30Mike,21,13,-44,86,194,3,1,1,54Mike,21,14,-51,57,181,4,1,0,60Mike,21,15,-55,81,378,3,1,1,58Mike,21,16,-43,74,229,-1,1,-1,58Mike,21,17,-53,74,196,2,-1,1,35Mike,21,18,-53,78,358,-1,1,-1,40Mike,21,19,-47,83,192,-3,1,2,50Mike,21,20,-49,72,337,-4,-1,2,52Mike,21,21,-51,72,363,5,0,0,56Mike,21,22,-56,49,319,5,1,-2,38Mike,21,23,-48,69,184,-3,1,2,57Mike,21,24,-45,40,176,-4,-1,-2,60Mike,21,25,-52,47,130,2,1,1,56Mike,21,26,-43,58,335,-2,0,2,32Mike,21,27,-42,69,301,1,0,-1,35Mike,21,28,-44,52,217,4,1,1,48Mike,21,29,-50,72,363,-5,1,-2,59Mike,21,30,-49,45,181,1,0,-1,57Mike,21,31,-46,52,213,3,1,2,39Mike,21,32,-57,49,358,1,-1,1,32Mike,21,33,-51,51,153,5,0,-2,39Mike,21,34,-41,88,173,2,0,0,40Mike,21,35,-40,78,393,-2,-1,-2,50Mike,21,36,-52,69,276,2,1,-1,48Mike,21,37,-50,55,277,-4,-1,-2,54Mike,21,38,-44,84,143,-2,0,1,59Mike,21,39,-60,89,236,0,-1,2,44Mike,21,40,-40,69,324,-3,-1,0,50Mike,21,41,-43,72,239,2,-1,-1,31Mike,21,42,-48,62,147,-2,-1,2,43Mike,21,43,-44,55,295,2,0,-2,44Mike,21,44,-47,41,156,5,0,2,37Mike,21,45,-50,40,128,4,-1,-2,46Mike,21,46,-55,72,113,1,1,-1,40Mike,21,47,-50,75,254,0,0,0,52Mike,21,48,-58,43,283,-4,1,0,46Mike,21,49,-48,79,107,3,-1,1,47Mike,21,50,-51,78,200,-2,-1,-2,33Mike,21,51,-60,83,128,1,-1,-1,45Mike,21,52,-53,85,234,-2,1,-1,57Mike,21,53,-56,56,204,-5,0,1,48Mike,21,54,-41,77,213,-4,0,2,57Mike,21,55,-50,89,300,4,0,2,40Mike,21,56,-48,78,268,3,-1,-2,32Mike,21,57,-40,80,158,1,-1,2,47Mike,21,58,-41,76,127,5,0,-2,51Mike,21,59,-43,76,318,1,0,0,36Mike,21,60,-52,62,185,1,0,0,52Mike,22,1,-58,72,324,4,-1,0,43Mike,22,2,-46,64,123,2,1,-2,32Mike,22,3,-50,57,271,-5,-1,-2,53Mike,22,4,-46,89,198,-5,1,2,34Mike,22,5,-60,56,185,-3,-1,2,49Mike,22,6,-57,42,202,5,-1,2,36Mike,22,7,-40,72,235,0,-1,0,37Mike,22,8,-54,80,202,-3,-1,1,45Mike,22,9,-57,89,318,-1,-1,0,45Mike,22,10,-44,90,346,-2,-1,2,50Mike,22,11,-58,57,354,-1,1,-2,36Mike,22,12,-52,77,185,-4,0,2,46Mike,22,13,-60,83,233,4,1,-2,51Mike,22,14,-51,41,282,-1,-1,0,42Mike,22,15,-49,67,216,-3,1,-1,38Mike,22,16,-52,88,317,2,1,-2,31Mike,22,17,-47,51,283,2,1,-2,38Mike,22,18,-44,88,309,3,1,-2,46Mike,22,19,-43,75,350,2,0,-2,34Mike,22,20,-48,86,154,-4,0,-2,44Mike,22,21,-58,71,191,-4,0,2,60Mike,22,22,-53,57,198,-1,-1,1,54Mike,22,23,-54,60,319,3,-1,1,60Mike,22,24,-47,83,212,-4,1,-1,31Mike,22,25,-57,50,385,-1,0,0,32Mike,22,26,-52,55,363,-3,-1,0,31Mike,22,27,-49,55,323,5,1,1,52Mike,22,28,-40,73,151,4,1,1,54Mike,22,29,-59,63,285,3,0,0,37Mike,22,30,-52,82,298,2,1,1,35Mike,22,31,-48,77,286,1,-1,2,55Mike,22,32,-40,50,136,-3,-1,2,45Mike,22,33,-58,43,287,-5,-1,1,53Mike,22,34,-56,47,261,2,0,1,57Mike,22,35,-52,73,247,-3,0,2,40Mike,22,36,-44,44,102,4,1,2,53Mike,22,37,-56,73,319,-4,1,0,51Mike,22,38,-51,41,225,-4,1,-1,47Mike,22,39,-58,48,366,-5,-1,2,56Mike,22,40,-46,51,254,4,-1,-2,44Mike,22,41,-56,55,285,1,0,0,44Mike,22,42,-51,79,267,-1,-1,-1,37Mike,22,43,-40,81,128,0,0,2,51Mike,22,44,-41,56,384,5,0,0,38Mike,22,45,-51,78,274,2,1,1,57Mike,22,46,-43,51,391,5,0,2,40Mike,22,47,-51,67,399,3,-1,-1,32Mike,22,48,-54,79,348,3,1,1,38Mike,22,49,-56,61,151,5,0,1,49Mike,22,50,-42,76,266,0,-1,-2,41Mike,22,51,-40,84,296,2,1,2,39Mike,22,52,-44,72,107,-2,0,0,34Mike,22,53,-44,77,257,3,1,-2,58Mike,22,54,-52,76,284,-5,1,-1,52Mike,22,55,-44,41,230,-2,1,0,52Mike,22,56,-53,61,226,1,-1,0,45Mike,22,57,-40,66,347,2,0,0,39Mike,22,58,-54,55,261,-4,1,1,56Mike,22,59,-54,89,155,0,1,-1,59Mike,22,60,-58,78,253,2,1,-2,51Mike,23,1,-43,71,178,1,-1,1,32Mike,23,2,-60,41,336,-1,0,1,33Mike,23,3,-55,56,141,3,1,-2,30Mike,23,4,-43,85,145,4,1,-2,38Mike,23,5,-45,40,307,-4,-1,1,55Mike,23,6,-40,65,145,2,-1,1,43Mike,23,7,-46,57,271,4,0,0,60Mike,23,8,-41,45,290,1,1,-2,60Mike,23,9,-58,57,139,0,-1,-2,48Mike,23,10,-56,51,170,4,0,-2,31Mike,23,11,-44,46,284,-2,0,-1,44Mike,23,12,-59,69,314,4,0,-1,39Mike,23,13,-59,67,366,-4,-1,1,56Mike,23,14,-45,54,323,-2,-1,-2,53Mike,23,15,-47,76,371,-5,1,2,42Mike,23,16,-44,78,259,4,0,-1,54Mike,23,17,-53,52,396,1,1,2,32Mike,23,18,-51,71,323,-3,-1,0,42Mike,23,19,-57,78,365,5,1,2,34Mike,23,20,-46,70,367,4,1,-2,44Mike,23,21,-48,87,235,-2,1,1,38Mike,23,22,-40,71,285,-5,-1,-1,32Mike,23,23,-48,56,325,1,1,0,32Mike,23,24,-55,57,205,5,-1,2,30Mike,23,25,-48,83,103,-4,0,2,42Mike,23,26,-52,68,159,-5,0,-1,46Mike,23,27,-55,65,368,-3,-1,-2,38Mike,23,28,-45,81,320,0,0,-2,58Mike,23,29,-45,55,305,5,1,-2,58Mike,23,30,-55,41,236,5,1,1,60Mike,23,31,-55,86,234,-1,0,0,58Mike,23,32,-60,41,197,3,1,0,44Mike,23,33,-44,72,242,1,-1,2,46Mike,23,34,-49,61,312,-5,-1,0,34Mike,23,35,-48,46,357,5,1,0,58Mike,23,36,-50,52,183,5,-1,0,54Mike,23,37,-59,67,150,3,1,-2,60Mike,23,38,-58,52,358,3,-1,0,55Mike,23,39,-53,70,267,-3,-1,-1,34Mike,23,40,-53,71,203,5,-1,2,55Mike,23,41,-53,45,360,-5,-1,-2,56Mike,23,42,-57,84,143,1,-1,-2,51Mike,23,43,-59,54,340,5,1,-1,60Mike,23,44,-44,62,399,2,0,1,36Mike,23,45,-48,56,194,2,-1,0,43Mike,23,46,-41,47,255,0,1,2,50Mike,23,47,-54,65,182,4,1,1,39Mike,23,48,-50,59,116,-1,1,1,41Mike,23,49,-46,52,148,-3,1,2,50Mike,23,50,-56,52,112,5,0,1,44Mike,23,51,-47,48,211,4,0,-2,45Mike,23,52,-53,48,100,5,0,-2,37Mike,23,53,-46,76,370,5,-1,2,49Mike,23,54,-60,45,394,0,-1,-1,38Mike,23,55,-60,53,233,3,0,-1,34Mike,23,56,-59,86,328,-5,1,2,37Mike,23,57,-56,47,109,-4,-1,-2,59Mike,23,58,-52,84,154,-2,-1,1,36Mike,23,59,-53,82,130,-1,-1,2,36Mike,23,60,-56,87,291,4,0,1,55Mike,24,1,-55,64,324,-3,-1,-2,47Mike,24,2,-48,89,121,0,1,-2,30Mike,24,3,-52,75,387,-4,0,0,37Mike,24,4,-53,81,164,-3,1,2,42Mike,24,5,-54,74,350,-4,0,-1,49Mike,24,6,-45,44,194,1,1,0,49Mike,24,7,-46,45,231,3,0,0,59Mike,24,8,-59,79,267,4,-1,-2,46Mike,24,9,-45,88,324,-1,0,-2,46Mike,24,10,-41,60,218,-3,-1,-1,51Mike,24,11,-59,68,278,1,0,-2,36Mike,24,12,-52,86,127,-5,0,2,36Mike,24,13,-59,55,226,-1,-1,-1,36Mike,24,14,-59,69,259,-1,0,0,60Mike,24,15,-55,52,127,0,1,0,37Mike,24,16,-57,46,357,-1,1,-2,57Mike,24,17,-54,79,215,2,1,1,42Mike,24,18,-44,62,324,-2,0,2,54Mike,24,19,-54,72,367,1,0,-1,31Mike,24,20,-45,89,164,4,0,0,55Mike,24,21,-59,77,252,3,1,1,34Mike,24,22,-55,77,241,-2,1,2,42Mike,24,23,-49,41,227,-5,1,1,58Mike,24,24,-45,74,242,2,1,1,39Mike,24,25,-57,60,347,0,-1,1,55Mike,24,26,-56,80,240,-2,-1,1,31Mike,24,27,-46,52,368,-1,-1,-2,47Mike,24,28,-53,59,262,1,-1,2,41Mike,24,29,-43,85,361,-5,0,2,42Mike,24,30,-59,53,188,5,0,2,30Mike,24,31,-51,78,365,5,-1,1,31Mike,24,32,-52,55,243,5,1,2,35Mike,24,33,-54,66,217,1,1,-2,34Mike,24,34,-55,72,229,2,0,-1,58Mike,24,35,-43,73,205,1,-1,2,46Mike,24,36,-46,73,201,5,1,1,50Mike,24,37,-49,58,244,3,-1,1,36Mike,24,38,-57,44,171,-3,0,0,58Mike,24,39,-57,53,145,-1,-1,-1,55Mike,24,40,-55,51,239,-3,-1,0,60Mike,24,41,-52,58,204,-1,0,2,49Mike,24,42,-48,50,137,5,-1,2,30Mike,24,43,-59,69,133,-1,-1,1,42Mike,24,44,-41,64,189,0,-1,1,49Mike,24,45,-46,61,169,-3,1,-2,48Mike,24,46,-49,75,151,-3,-1,-2,36Mike,24,47,-45,49,124,-5,1,-2,34Mike,24,48,-50,48,331,-1,-1,0,36Mike,24,49,-44,85,163,3,1,-1,38Mike,24,50,-47,74,298,-5,-1,-1,55Mike,24,51,-57,83,341,-5,0,-1,31Mike,24,52,-46,65,141,-3,-1,1,35Mike,24,53,-55,68,370,5,0,1,43Mike,24,54,-58,88,127,-2,-1,0,38Mike,24,55,-41,61,143,1,1,0,59Mike,24,56,-55,65,100,5,1,-2,35Mike,24,57,-45,77,394,-2,0,-1,48Mike,24,58,-59,49,318,3,-1,2,49Mike,24,59,-57,42,176,-5,1,1,50Mike,24,60,-49,81,186,-4,-1,2,54Mike,0,1,-58,61,164,0,0,1,35Mike,0,2,-42,62,360,-2,1,0,47Mike,0,3,-56,71,310,-3,1,-2,35Mike,0,4,-41,76,315,-5,-1,0,34Mike,0,5,-59,90,212,5,-1,-1,55Mike,0,6,-47,46,146,2,1,2,45Mike,0,7,-55,75,102,3,1,-2,44Mike,0,8,-40,44,332,0,-1,1,48Mike,0,9,-40,65,238,4,0,2,58Mike,0,10,-44,75,362,5,-1,2,36Mike,0,11,-55,45,125,-5,0,0,48Mike,0,12,-49,90,147,-4,-1,-2,58Mike,0,13,-59,79,310,-1,-1,-1,32Mike,0,14,-59,71,128,0,-1,1,55Mike,0,15,-42,73,364,-1,0,0,57Mike,0,16,-60,42,134,-1,0,-1,34Mike,0,17,-40,55,163,5,0,2,38Mike,0,18,-45,87,263,-2,0,-2,31Mike,0,19,-42,48,349,0,1,2,38Mike,0,20,-60,60,258,0,0,-1,50Mike,0,21,-56,64,382,-2,-1,1,43Mike,0,22,-40,47,356,1,1,2,36Mike,0,23,-54,62,290,-2,0,2,35Mike,0,24,-43,58,315,4,-1,-2,32Mike,0,25,-43,45,264,0,1,-1,41Mike,0,26,-44,60,367,-2,0,0,43Mike,0,27,-50,68,148,-1,0,-1,49Mike,0,28,-46,82,316,3,0,2,60Mike,0,29,-59,46,359,-3,-1,1,38Mike,0,30,-57,58,295,-3,-1,-2,36Mike,0,31,-43,48,173,-4,0,2,42Mike,0,32,-47,49,328,-5,1,0,30Mike,0,33,-41,67,388,-2,1,-2,57Mike,0,34,-42,71,263,-2,-1,-2,40Mike,0,35,-41,75,294,3,0,-1,50Mike,0,36,-56,81,194,-3,1,1,38Mike,0,37,-53,77,359,-4,1,-2,38Mike,0,38,-54,43,247,1,1,-1,60Mike,0,39,-60,50,305,3,1,-1,35Mike,0,40,-56,79,242,-5,0,-1,47Mike,0,41,-40,45,327,3,-1,-1,36Mike,0,42,-48,86,310,2,0,0,30Mike,0,43,-52,53,216,-2,-1,0,58Mike,0,44,-54,84,257,4,1,-2,43Mike,0,45,-51,49,372,1,1,-1,47Mike,0,46,-51,41,217,0,0,1,54Mike,0,47,-58,53,244,-3,0,-2,52Mike,0,48,-42,43,254,1,0,0,47Mike,0,49,-51,79,110,4,0,-2,31Mike,0,50,-47,64,387,1,0,-1,57Mike,0,51,-40,75,308,-1,1,-2,35Mike,0,52,-52,76,354,-5,-1,-2,37Mike,0,53,-47,65,259,-2,1,2,32Mike,0,54,-49,80,363,1,0,0,30Mike,0,55,-40,76,331,-5,-1,1,38Mike,0,56,-56,43,369,-5,-1,-1,43Mike,0,57,-44,52,278,-4,-1,-2,45Mike,0,58,-52,51,134,-1,0,-2,47Mike,0,59,-42,78,321,2,0,0,45Mike,0,60,-41,84,277,-3,-1,2,35